country,year,suicides_no,population,suicides/100k pop,Country Code,GDP_Value,longitude,latitude
Albania,2006,0,2780176,0.0,ALB,2972.742924,41.153332,20.168331
Albania,2007,124,2770344,65.85,ALB,3595.038057,41.153332,20.168331
Albania,2008,160,2757059,71.05,ALB,4370.539925,41.153332,20.168331
Albania,2009,0,2745735,0.0,ALB,4114.134899,41.153332,20.168331
Albania,2010,96,2736025,41.66,ALB,4094.348386,41.153332,20.168331
Argentina,2006,3108,35918886,128.22,ARG,5890.978002,-38.416097,-63.61667199999999
Argentina,2007,2946,36315492,118.35,ARG,7210.595548,-38.416097,-63.61667199999999
Argentina,2008,3059,36733520,118.11,ARG,8977.506851,-38.416097,-63.61667199999999
Argentina,2009,2884,37158001,107.32,ARG,8184.389889,-38.416097,-63.61667199999999
Argentina,2010,2943,37578454,111.24,ARG,10385.96443,-38.416097,-63.61667199999999
Argentina,2011,2912,38015739,105.87,ARG,12848.8642,-38.416097,-63.61667199999999
Argentina,2012,3248,38441778,119.82,ARG,13082.66433,-38.416097,-63.61667199999999
Argentina,2013,2987,38859125,103.42,ARG,13080.25473,-38.416097,-63.61667199999999
Argentina,2014,3231,39276555,111.35,ARG,12334.79825,-38.416097,-63.61667199999999
Argentina,2015,3073,39699624,112.13,ARG,13789.06042,-38.416097,-63.61667199999999
Armenia,2006,78,2764396,43.67,ARM,2109.526231,40.069099,45.038189
Armenia,2007,71,2735313,39.019999999999996,ARM,3064.280106,40.069099,45.038189
Armenia,2008,63,3045391,35.15,ARM,3908.94906,40.069099,45.038189
Armenia,2009,53,2689695,33.7,ARM,2917.366129,40.069099,45.038189
Armenia,2010,73,2676225,40.410000000000004,ARM,3143.029202,40.069099,45.038189
Armenia,2011,67,2670366,32.98,ARM,3462.681611,40.069099,45.038189
Armenia,2012,79,2814300,36.57,ARM,3643.715183,40.069099,45.038189
Armenia,2013,67,2810664,37.48,ARM,3833.157532,40.069099,45.038189
Armenia,2014,58,2803029,37.01,ARM,4017.229808,40.069099,45.038189
Armenia,2015,74,2795335,45.28,ARM,3666.141876,40.069099,45.038189
Armenia,2016,67,2400033,40.56,ARM,3679.951972,40.069099,45.038189
Aruba,2006,9,94508,96.31,ABW,25833.44562,12.52111,-69.968338
Aruba,2007,8,94814,92.19,ABW,27665.42647,12.52111,-69.968338
Aruba,2008,4,94814,41.440000000000005,ABW,29011.55925,12.52111,-69.968338
Aruba,2009,4,94795,42.230000000000004,ABW,25739.13725,12.52111,-69.968338
Aruba,2010,7,95006,58.65,ABW,24452.92836,12.52111,-69.968338
Aruba,2011,9,95488,93.42,ABW,26044.43593,12.52111,-69.968338
Australia,2006,2117,19109246,127.89,AUS,36570.72037,-25.274398,133.775136
Australia,2007,2229,19734430,130.25,AUS,41023.75486,-25.274398,133.775136
Australia,2008,2341,20120312,130.49,AUS,49679.18053,-25.274398,133.775136
Australia,2009,2337,20529317,130.12,AUS,42810.33166,-25.274398,133.775136
Australia,2010,2420,20847547,132.64000000000001,AUS,52134.30885,-25.274398,133.775136
Australia,2011,2392,20881910,133.22,AUS,62596.43217,-25.274398,133.775136
Australia,2012,2580,21238909,139.57,AUS,68044.71482,-25.274398,133.775136
Australia,2013,2608,21600180,138.78,AUS,68158.57974,-25.274398,133.775136
Australia,2014,2891,21927587,149.07,AUS,62513.41122,-25.274398,133.775136
Australia,2015,3027,22240785,154.18,AUS,56710.44572,-25.274398,133.775136
Austria,2006,1297,7869269,218.9,AUT,40669.32696,47.516231,14.550072
Austria,2007,1285,7897272,217.31,AUT,46915.3374,47.516231,14.550072
Austria,2008,1267,7925258,216.45,AUT,51919.98358,47.516231,14.550072
Austria,2009,1278,7946894,213.22,AUT,48153.32402,47.516231,14.550072
Austria,2010,1264,7968421,207.55,AUT,46903.76159,47.516231,14.550072
Austria,2011,1288,7995146,211.49,AUT,51442.27625,47.516231,14.550072
Austria,2012,1276,8031276,206.63,AUT,48564.91734,47.516231,14.550072
Austria,2013,1291,8079615,212.12,AUT,50731.12725,47.516231,14.550072
Austria,2014,1314,8141165,209.82,AUT,51786.37717,47.516231,14.550072
Austria,2015,1251,8219386,194.62,AUT,44195.81759,47.516231,14.550072
Austria,2016,1201,7484629,183.23,AUT,45307.58786,47.516231,14.550072
Azerbaijan,2007,55,7921100,11.83,AZE,3851.437869,40.143105,47.576927
Bahrain,2006,28,888543,27.18,BHR,19057.7989,26.0667,50.5577
Bahrain,2007,40,964770,32.09,BHR,20883.54803,26.0667,50.5577
Bahrain,2008,43,1024110,27.89,BHR,23155.82145,26.0667,50.5577
Bahrain,2009,36,1092922,24.59,BHR,19448.18326,26.0667,50.5577
Bahrain,2010,19,1139160,11.89,BHR,21186.81433,26.0667,50.5577
Bahrain,2011,18,1103462,14.96,BHR,23741.55746,26.0667,50.5577
Bahrain,2012,19,1201778,8.68,BHR,25102.72635,26.0667,50.5577
Bahrain,2013,5,1214492,2.49,BHR,25790.73031,26.0667,50.5577
Bahrain,2014,9,1213966,6.5200000000000005,BHR,25464.7601,26.0667,50.5577
Barbados,2006,9,256883,45.38,BRB,15595.63946,13.193887,-59.543198
Barbados,2007,0,258083,0.0,BRB,17219.04868,13.193887,-59.543198
Barbados,2008,1,259414,2.31,BRB,17550.66334,13.193887,-59.543198
Barbados,2009,5,260718,28.8,BRB,16310.46053,13.193887,-59.543198
Barbados,2010,3,261927,7.62,BRB,16489.79582,13.193887,-59.543198
Barbados,2011,0,263203,0.0,BRB,16907.20926,13.193887,-59.543198
Barbados,2012,0,264270,0.0,BRB,16691.33264,13.193887,-59.543198
Barbados,2013,0,265165,0.0,BRB,16893.60627,13.193887,-59.543198
Belarus,2007,2659,9244456,355.89,BLR,4735.657608,53.709807,27.953389
Belarus,2008,2658,9205746,352.15999999999997,BLR,6377.369732,53.709807,27.953389
Belarus,2009,2743,9169969,375.54,BLR,5352.583912,53.709807,27.953389
Belarus,2010,2459,8981193,331.98,BLR,6033.686239,53.709807,27.953389
Belarus,2011,2172,8947320,299.36,BLR,6527.173869,53.709807,27.953389
Belarus,2013,1902,8910240,273.32,BLR,7998.125239,53.709807,27.953389
Belarus,2014,1741,8906977,252.91,BLR,8341.399679,53.709807,27.953389
Belgium,2006,1935,9962702,214.9,BEL,38705.1068,50.503887,4.469936
Belgium,2007,1857,10030266,208.57,BEL,44319.16545,50.503887,4.469936
Belgium,2008,1999,10100850,221.54,BEL,48303.39796,50.503887,4.469936
Belgium,2009,2013,10173366,218.35,BEL,44760.29124,50.503887,4.469936
Belgium,2010,2013,10211171,220.18,BEL,44184.94635,50.503887,4.469936
Belgium,2011,2088,10355126,226.71,BEL,47410.56693,50.503887,4.469936
Belgium,2012,2026,10442637,217.13,BEL,44670.56068,50.503887,4.469936
Belgium,2013,1895,10526149,201.54999999999998,BEL,46757.95186,50.503887,4.469936
Belgium,2014,1899,10578848,201.85,BEL,47764.07151,50.503887,4.469936
Belgium,2015,1867,10624356,196.66,BEL,41008.29672,50.503887,4.469936
Belize,2006,11,252826,37.92,BLZ,5475.72291,17.189877,-88.49765
Belize,2007,8,260667,78.49000000000001,BLZ,5707.113365,17.189877,-88.49765
Belize,2008,11,268487,86.36,BLZ,5656.408361,17.189877,-88.49765
Belize,2009,15,276189,57.76,BLZ,5348.997839,17.189877,-88.49765
Belize,2010,15,283796,61.48,BLZ,5397.291575,17.189877,-88.49765
Belize,2011,33,291662,153.3,BLZ,5521.366276,17.189877,-88.49765
Belize,2012,18,298946,73.45,BLZ,5645.895822,17.189877,-88.49765
Belize,2013,17,305888,56.4,BLZ,5887.933435,17.189877,-88.49765
Belize,2014,24,312780,90.95,BLZ,6068.088609,17.189877,-88.49765
Belize,2015,26,319835,135.46,BLZ,6142.478833,17.189877,-88.49765
Brazil,2006,8618,172974722,69.89999999999999,BRA,5866.096224,-14.235004,-51.92528
Brazil,2007,8855,175293192,71.68,BRA,7323.033629,-14.235004,-51.92528
Brazil,2008,9184,177471632,72.21,BRA,8801.599484,-14.235004,-51.92528
Brazil,2009,9346,179569551,70.37,BRA,8570.022562,-14.235004,-51.92528
Brazil,2010,9429,181629712,72.73,BRA,11249.46454,-14.235004,-51.92528
Brazil,2011,9822,183656441,72.41,BRA,13200.78508,-14.235004,-51.92528
Brazil,2012,10295,185591215,74.45,BRA,12327.31744,-14.235004,-51.92528
Brazil,2013,10513,187458852,73.41,BRA,12258.50317,-14.235004,-51.92528
Brazil,2014,10631,189285554,73.13,BRA,12071.15821,-14.235004,-51.92528
Brazil,2015,11163,191087085,77.45,BRA,8783.225984,-14.235004,-51.92528
Bulgaria,2006,977,7358508,186.53,BGR,4523.050833,42.733883,25.48583
Bulgaria,2007,902,7312474,173.76999999999998,BGR,5888.776852,42.733883,25.48583
Bulgaria,2008,939,7267511,170.34,BGR,7271.395837,42.733883,25.48583
Bulgaria,2009,868,7219817,154.42,BGR,6988.23342,42.733883,25.48583
Bulgaria,2010,859,7162740,158.25,BGR,6853.002854,42.733883,25.48583
Bulgaria,2011,763,7056527,133.52,BGR,7849.165283,42.733883,25.48583
Bulgaria,2012,872,6959652,164.17,BGR,7432.478766,42.733883,25.48583
Bulgaria,2013,721,6920644,134.16,BGR,7681.93462,42.733883,25.48583
Bulgaria,2014,724,6883874,139.77,BGR,7901.785876,42.733883,25.48583
Canada,2006,3512,30902962,126.42999999999999,CAN,40504.06073,56.130366,-106.346771
Canada,2007,3611,31242631,127.45,CAN,44659.89514,56.130366,-106.346771
Canada,2008,3705,31588641,127.59,CAN,46710.50558,56.130366,-106.346771
Canada,2009,3890,31937357,130.67,CAN,40876.31015,56.130366,-106.346771
Canada,2010,3951,32286140,132.67,CAN,47562.08343,56.130366,-106.346771
Canada,2011,3728,32615418,125.02,CAN,52223.69611,56.130366,-106.346771
Canada,2012,3926,32961196,127.88,CAN,52669.08996,56.130366,-106.346771
Canada,2013,4054,33314836,133.09,CAN,52635.17496,56.130366,-106.346771
Chile,2006,1795,15071596,155.06,CHL,9418.062718,-35.675147,-71.542969
Chile,2007,1848,15245435,150.92000000000002,CHL,10461.36542,-35.675147,-71.542969
Chile,2008,2088,15415661,167.88,CHL,10783.17156,-35.675147,-71.542969
Chile,2009,2148,15584149,174.29999999999998,CHL,10182.86047,-35.675147,-71.542969
Chile,2010,2001,15751851,162.88,CHL,12767.78121,-35.675147,-71.542969
Chile,2011,2027,15910783,160.84,CHL,14628.57246,-35.675147,-71.542969
Chile,2012,1841,16075247,148.41,CHL,15406.49294,-35.675147,-71.542969
Chile,2013,1738,16242244,134.52,CHL,15833.2752,-35.675147,-71.542969
Chile,2014,1789,16406867,137.37,CHL,14666.34353,-35.675147,-71.542969
Chile,2015,1838,16565725,147.68,CHL,13569.9478,-35.675147,-71.542969
Colombia,2006,2177,39708676,78.41,COL,3778.52666,4.570868,-74.297333
Colombia,2007,2181,40275206,74.25,COL,4760.98121,4.570868,-74.297333
Colombia,2008,2220,40859129,74.22,COL,5527.449953,4.570868,-74.297333
Colombia,2009,2249,41436173,73.83,COL,5244.353266,4.570868,-74.297333
Colombia,2010,2107,41989103,67.24,COL,6394.198705,4.570868,-74.297333
Colombia,2011,2044,42538305,62.879999999999995,COL,7392.452361,4.570868,-74.297333
Colombia,2012,2119,43055864,66.45,COL,8101.829092,4.570868,-74.297333
Colombia,2013,2068,43546298,63.53,COL,8264.126896,4.570868,-74.297333
Colombia,2014,2126,44021800,66.62,COL,8164.714495,4.570868,-74.297333
Colombia,2015,2332,44490427,70.39999999999999,COL,6228.426299,4.570868,-74.297333
Costa Rica,2006,350,3953916,100.83,CRI,5188.361792,9.748917,-83.753428
Costa Rica,2007,270,4015241,75.35,CRI,6055.086779,9.748917,-83.753428
Costa Rica,2008,261,4072561,72.27,CRI,6841.91146,9.748917,-83.753428
Costa Rica,2009,278,4128459,77.37,CRI,6737.860245,9.748917,-83.753428
Costa Rica,2010,311,4184663,84.35,CRI,8147.243985,9.748917,-83.753428
Costa Rica,2011,316,4235514,89.83,CRI,9137.455823,9.748917,-83.753428
Costa Rica,2012,302,4290210,80.76,CRI,9971.650902,9.748917,-83.753428
Costa Rica,2013,311,4347229,89.26,CRI,10633.26725,9.748917,-83.753428
Costa Rica,2014,268,4403674,70.85,CRI,10737.67888,9.748917,-83.753428
Croatia,2006,796,4234946,248.22,HRV,11810.053,45.1,15.2000001
Croatia,2007,775,4230855,243.45,HRV,14069.34801,45.1,15.2000001
Croatia,2008,793,4225583,265.69,HRV,16461.28913,45.1,15.2000001
Croatia,2009,790,4216050,254.29,HRV,14708.88091,45.1,15.2000001
Croatia,2010,776,4203963,241.97,HRV,14124.81084,45.1,15.2000001
Croatia,2011,702,4189029,221.10999999999999,HRV,14812.86947,45.1,15.2000001
Croatia,2012,776,4054296,239.01,HRV,13443.13523,45.1,15.2000001
Croatia,2013,692,4044457,210.3,HRV,13871.3299,45.1,15.2000001
Croatia,2014,722,4030452,222.04,HRV,13784.47836,45.1,15.2000001
Croatia,2015,739,4001669,229.68,HRV,11952.31118,45.1,15.2000001
Croatia,2016,683,3567043,213.56,HRV,12552.25538,45.1,15.2000001
Cuba,2006,1376,10653638,202.55,CUB,4336.87333,21.521757,-77.781167
Cuba,2007,1307,10678023,188.18,CUB,4814.854876,21.521757,-77.781167
Cuba,2008,1377,10693814,190.99,CUB,4992.824494,21.521757,-77.781167
Cuba,2009,1477,10708230,201.32999999999998,CUB,5094.437562,21.521757,-77.781167
Cuba,2010,1558,10725848,202.13,CUB,5275.532601,21.521757,-77.781167
Cuba,2011,1529,10748034,207.05,CUB,6106.006792,21.521757,-77.781167
Cuba,2012,1495,10770535,204.0,CUB,6467.337914,21.521757,-77.781167
Cuba,2013,1499,10792690,190.46,CUB,6814.243844,21.521757,-77.781167
Cuba,2014,1453,10813411,184.63,CUB,7117.52691,21.521757,-77.781167
Cuba,2015,1511,10832068,194.31,CUB,7683.757891,21.521757,-77.781167
Cyprus,2006,19,713426,27.64,CYP,26729.32422,35.126413,33.429859
Cyprus,2007,19,728566,36.17,CYP,31244.92578,35.126413,33.429859
Cyprus,2008,41,747034,59.07,CYP,35397.36328,35.126413,33.429859
Cyprus,2009,32,767174,55.53,CYP,32109.24219,35.126413,33.429859
Cyprus,2010,38,787081,58.88,CYP,31105.39844,35.126413,33.429859
Cyprus,2011,30,800820,43.78,CYP,32486.42969,35.126413,33.429859
Cyprus,2012,36,814305,42.9,CYP,28993.34961,35.126413,33.429859
Cyprus,2013,45,813016,64.61,CYP,27799.11914,35.126413,33.429859
Cyprus,2014,44,804818,57.1,CYP,27245.36523,35.126413,33.429859
Cyprus,2015,40,796037,49.589999999999996,CYP,23487.125,35.126413,33.429859
Cyprus,2016,36,711344,47.15,CYP,24715.73047,35.126413,33.429859
Denmark,2006,650,5110460,162.07999999999998,DNK,52026.99951,56.26392,9.501785
Denmark,2007,581,5133001,139.96,DNK,58487.05497,56.26392,9.501785
Denmark,2008,603,5162525,143.05,DNK,64322.0635,56.26392,9.501785
Denmark,2009,622,5192790,144.7,DNK,58163.27688,56.26392,9.501785
Denmark,2010,563,5217785,130.02,DNK,58041.39844,56.26392,9.501785
Denmark,2011,589,5244150,126.33,DNK,61753.64713,56.26392,9.501785
Denmark,2012,661,5270539,143.21,DNK,58507.50805,56.26392,9.501785
Denmark,2013,610,5299698,134.55,DNK,61191.1937,56.26392,9.501785
Denmark,2014,629,5339166,137.73,DNK,62548.98473,56.26392,9.501785
Denmark,2015,564,5383060,121.42,DNK,53254.85637,56.26392,9.501785
Ecuador,2006,900,12449374,93.07,ECU,3340.840903,-1.831239,-78.18340599999999
Ecuador,2007,1005,12677354,95.97,ECU,3579.032244,-1.831239,-78.18340599999999
Ecuador,2008,928,12903183,95.29,ECU,4260.433184,-1.831239,-78.18340599999999
Ecuador,2009,964,13130161,94.25,ECU,4240.702593,-1.831239,-78.18340599999999
Ecuador,2010,912,13360285,81.49,ECU,4640.246344,-1.831239,-78.18340599999999
Ecuador,2011,918,13583553,81.8,ECU,5202.656459,-1.831239,-78.18340599999999
Ecuador,2012,976,13815861,84.88,ECU,5678.455721,-1.831239,-78.18340599999999
Ecuador,2013,676,14054613,62.88,ECU,6050.354611,-1.831239,-78.18340599999999
Ecuador,2014,734,14295145,66.02,ECU,6374.631486,-1.831239,-78.18340599999999
Ecuador,2015,1073,14534024,97.39,ECU,6130.586676,-1.831239,-78.18340599999999
El Salvador,2006,411,5429044,99.57,SLV,2651.430888,13.794185,-88.89653
El Salvador,2007,501,5467861,127.14,SLV,2814.589889,13.794185,-88.89653
El Salvador,2008,490,5499287,125.82,SLV,2964.17214,13.794185,-88.89653
El Salvador,2009,506,5528910,124.12,SLV,2889.685887,13.794185,-88.89653
El Salvador,2010,399,5560453,97.92,SLV,3017.307395,13.794185,-88.89653
El Salvador,2011,485,5585785,115.46,SLV,3304.974183,13.794185,-88.89653
El Salvador,2012,512,5618823,123.14,SLV,3471.051269,13.794185,-88.89653
El Salvador,2013,484,5657250,116.06,SLV,3555.1621,13.794185,-88.89653
El Salvador,2014,386,5696329,101.84,SLV,3638.517658,13.794185,-88.89653
Estonia,2006,247,1278915,242.63,EST,12639.40007,58.595272,25.0136071
Estonia,2007,251,1270415,265.05,EST,16744.58445,58.595272,25.0136071
Estonia,2008,242,1264005,244.57,EST,18204.96648,58.595272,25.0136071
Estonia,2009,269,1259010,248.67,EST,14711.73527,58.595272,25.0136071
Estonia,2010,223,1254225,229.07,EST,14663.04461,58.595272,25.0136071
Estonia,2011,218,1249427,229.26,EST,17487.80478,58.595272,25.0136071
Estonia,2012,237,1251631,241.60999999999999,EST,17403.20533,58.595272,25.0136071
Estonia,2013,218,1243096,231.92000000000002,EST,19056.00192,58.595272,25.0136071
Estonia,2014,241,1241852,258.91,EST,20261.06673,58.595272,25.0136071
Estonia,2015,195,1243450,205.38,EST,17402.03761,58.595272,25.0136071
Fiji,2006,24,737759,30.77,FJI,3483.597185,-17.713371,178.065032
Fiji,2007,13,745055,20.46,FJI,3793.097385,-17.713371,178.065032
Fiji,2008,37,753658,47.48,FJI,3928.921739,-17.713371,178.065032
Fiji,2009,26,762403,51.67,FJI,3184.689123,-17.713371,178.065032
Fiji,2011,38,776325,106.97,FJI,4160.684021,-17.713371,178.065032
Fiji,2012,32,782939,91.58,FJI,4359.77535,-17.713371,178.065032
Finland,2006,1062,4979740,233.8,FIN,41222.602,61.92410999999999,25.7481511
Finland,2007,995,4998853,223.08,FIN,48476.39273,61.92410999999999,25.7481511
Finland,2008,1033,5020096,220.29,FIN,53772.79424,61.92410999999999,25.7481511
Finland,2009,1034,5042316,228.48999999999998,FIN,47481.48454,61.92410999999999,25.7481511
Finland,2010,954,5063494,215.21,FIN,46505.30318,61.92410999999999,25.7481511
Finland,2011,912,5085985,203.61,FIN,51148.93164,61.92410999999999,25.7481511
Finland,2012,873,5110450,187.01,FIN,47708.06128,61.92410999999999,25.7481511
Finland,2013,887,5135433,196.83,FIN,49892.22336,61.92410999999999,25.7481511
Finland,2014,789,5159944,177.16,FIN,50327.24029,61.92410999999999,25.7481511
Finland,2015,731,5181797,161.19,FIN,42801.90812,61.92410999999999,25.7481511
France,2006,10423,57824447,220.63,FRA,36470.21284,46.227638,2.213749
France,2007,10127,58167011,213.69,FRA,41557.62356,46.227638,2.213749
France,2008,10353,58482967,216.21,FRA,45515.96175,46.227638,2.213749
France,2009,10499,58770727,216.24,FRA,41737.76355,46.227638,2.213749
France,2010,10379,59056283,211.17000000000002,FRA,40676.06479,46.227638,2.213749
France,2011,10408,59344643,211.18,FRA,43846.46608,46.227638,2.213749
France,2012,9743,59638457,198.98,FRA,40870.85236,46.227638,2.213749
France,2013,9600,59910069,192.33,FRA,42602.71797,46.227638,2.213749
France,2014,8881,60275954,179.56,FRA,43068.54872,46.227638,2.213749
Georgia,2006,72,4166500,23.51,GEO,1996.057129,32.1656221,-82.9000751
Georgia,2007,104,4154900,36.59,GEO,2635.353882,32.1656221,-82.9000751
Georgia,2009,188,4158750,65.06,GEO,2822.66743,32.1656221,-82.9000751
Georgia,2010,112,4193800,34.33,GEO,3233.295943,32.1656221,-82.9000751
Georgia,2011,99,4202600,36.309999999999995,GEO,4021.743306,32.1656221,-82.9000751
Georgia,2012,104,4200900,34.88,GEO,4421.818242,32.1656221,-82.9000751
Georgia,2013,157,4192600,55.57,GEO,4623.745725,32.1656221,-82.9000751
Georgia,2014,194,3470600,74.49,GEO,4739.188338,32.1656221,-82.9000751
Georgia,2015,192,3458400,84.67999999999999,GEO,4014.185944,32.1656221,-82.9000751
Germany,2006,9775,78828994,152.52,DEU,36353.88033,51.165691,10.451526
Germany,2007,9409,78776585,146.52,DEU,41640.08087,51.165691,10.451526
Germany,2008,9459,78662789,145.52,DEU,45612.71062,51.165691,10.451526
Germany,2009,9579,78448602,145.52,DEU,41650.36783,51.165691,10.451526
Germany,2010,10030,78349067,152.17000000000002,DEU,41572.45595,51.165691,10.451526
Germany,2011,10153,78371140,152.82,DEU,46705.8958,51.165691,10.451526
Germany,2012,9896,78508115,148.31,DEU,43855.85447,51.165691,10.451526
Germany,2013,10091,77270988,153.07999999999998,DEU,46298.92292,51.165691,10.451526
Germany,2014,10217,77552369,153.04,DEU,48023.86998,51.165691,10.451526
Germany,2015,10088,78136683,150.34,DEU,41103.25644,51.165691,10.451526
Greece,2006,394,10618891,45.410000000000004,GRC,24821.93675,39.074208,21.824312
Greece,2007,328,10653591,33.91,GRC,28863.97329,39.074208,21.824312
Greece,2008,373,10686723,40.3,GRC,32127.98319,39.074208,21.824312
Greece,2009,391,10719618,40.97,GRC,29828.75602,39.074208,21.824312
Greece,2010,377,10735384,39.9,GRC,26716.64883,39.074208,21.824312
Greece,2011,477,10728724,48.68,GRC,25483.88256,39.074208,21.824312
Greece,2012,508,10539802,53.32,GRC,21912.99829,39.074208,21.824312
Greece,2013,533,10431289,55.11,GRC,21787.78776,39.074208,21.824312
Greece,2014,565,10380547,59.82,GRC,21616.71001,39.074208,21.824312
Greece,2015,529,10331286,56.06,GRC,18083.87791,39.074208,21.824312
Grenada,2006,1,94126,9.89,GRD,6295.281172,12.1165,-61.67899999999999
Grenada,2007,3,94418,48.34,GRD,6790.63408,12.1165,-61.67899999999999
Grenada,2008,0,94585,0.0,GRD,7343.44527,12.1165,-61.67899999999999
Grenada,2009,0,94746,0.0,GRD,6810.440318,12.1165,-61.67899999999999
Grenada,2010,0,94980,0.0,GRD,6760.961244,12.1165,-61.67899999999999
Grenada,2011,1,95102,20.73,GRD,6775.752501,12.1165,-61.67899999999999
Grenada,2012,2,95426,18.009999999999998,GRD,6900.771786,12.1165,-61.67899999999999
Grenada,2013,0,95876,0.0,GRD,7205.268384,12.1165,-61.67899999999999
Grenada,2014,0,96393,0.0,GRD,7726.409657,12.1165,-61.67899999999999
Grenada,2015,0,96892,0.0,GRD,8379.621847,12.1165,-61.67899999999999
Grenada,2016,0,79012,0.0,GRD,8849.513535,12.1165,-61.67899999999999
Guatemala,2006,298,11397134,41.95,GTM,2251.087963,15.783471,-90.230759
Guatemala,2007,327,11708397,40.27,GTM,2490.749127,15.783471,-90.230759
Guatemala,2008,492,12032885,54.76,GTM,2802.461962,15.783471,-90.230759
Guatemala,2009,511,12359945,57.57,GTM,2651.817123,15.783471,-90.230759
Guatemala,2010,352,12682151,35.43,GTM,2852.547327,15.783471,-90.230759
Guatemala,2011,359,13017342,34.69,GTM,3228.045741,15.783471,-90.230759
Guatemala,2012,420,13335425,41.8,GTM,3355.036919,15.783471,-90.230759
Guatemala,2013,455,13641878,40.69,GTM,3522.773706,15.783471,-90.230759
Guatemala,2014,512,13947190,45.88,GTM,3779.642336,15.783471,-90.230759
Guatemala,2015,494,14258397,44.85,GTM,3994.636913,15.783471,-90.230759
Guyana,2006,201,668408,394.6,GUY,3138.082726,4.860416,-58.93018
Guyana,2007,185,668788,373.75,GUY,3609.907921,4.860416,-58.93018
Guyana,2008,168,669253,353.62,GUY,4011.387554,4.860416,-58.93018
Guyana,2009,156,670155,301.78,GUY,4213.816229,4.860416,-58.93018
Guyana,2010,205,671825,403.07,GUY,4589.873241,4.860416,-58.93018
Guyana,2011,192,675283,349.53000000000003,GUY,4960.004726,4.860416,-58.93018
Guyana,2012,206,679356,367.98,GUY,5461.390967,4.860416,-58.93018
Guyana,2013,210,683867,356.38,GUY,5576.24931,4.860416,-58.93018
Hungary,2006,2461,9591110,312.65999999999997,HUN,11489.56087,47.162494,19.5033041
Hungary,2007,2450,9572938,327.32,HUN,13940.90928,47.162494,19.5033041
Hungary,2008,2476,9552784,331.68,HUN,15772.33008,47.162494,19.5033041
Hungary,2009,2460,9534237,310.72,HUN,13077.30547,47.162494,19.5033041
Hungary,2010,2489,9514005,321.31,HUN,13217.5046,47.162494,19.5033041
Hungary,2011,2420,9495011,299.85,HUN,14234.47158,47.162494,19.5033041
Hungary,2012,2349,9453181,305.96,HUN,12984.83657,47.162494,19.5033041
Hungary,2013,2092,9433840,266.23,HUN,13715.07036,47.162494,19.5033041
Hungary,2014,1925,9412788,244.31,HUN,14294.25842,47.162494,19.5033041
Hungary,2015,1868,9389519,257.27,HUN,12717.0386,47.162494,19.5033041
Hungary,2016,1761,8390370,241.34,HUN,13104.69955,47.162494,19.5033041
Iceland,2006,32,282999,106.39,ISL,57492.93425,64.963051,-19.020835
Iceland,2007,37,289712,163.29,ISL,69495.72674,64.963051,-19.020835
Iceland,2008,38,296836,136.09,ISL,56943.37045,64.963051,-19.020835
Iceland,2009,36,296204,123.73,ISL,41301.27322,64.963051,-19.020835
Iceland,2010,46,294620,184.27,ISL,43237.07295,64.963051,-19.020835
Iceland,2011,27,295475,92.95,ISL,47714.59223,64.963051,-19.020835
Iceland,2012,37,297238,145.41,ISL,45995.54788,64.963051,-19.020835
Iceland,2013,49,300456,221.24,ISL,49804.983,64.963051,-19.020835
Iceland,2014,44,304472,197.96,ISL,54576.74481,64.963051,-19.020835
Iceland,2015,40,308554,140.65,ISL,52951.68151,64.963051,-19.020835
Iceland,2016,40,268773,138.07,ISL,61987.92636,64.963051,-19.020835
Ireland,2006,452,3937578,126.46,IRL,54329.16186,53.1423672,-7.692053599999999
Ireland,2007,458,4026707,121.77,IRL,61396.41746,53.1423672,-7.692053599999999
Ireland,2008,506,4094192,129.56,IRL,61353.10656,53.1423672,-7.692053599999999
Ireland,2009,527,4117667,132.63,IRL,52133.09062,53.1423672,-7.692053599999999
Ireland,2010,486,4264857,120.3,IRL,48663.60044,53.1423672,-7.692053599999999
Ireland,2011,554,4218849,138.58,IRL,52183.13293,53.1423672,-7.692053599999999
Ireland,2012,542,4220806,137.66,IRL,49054.69743,53.1423672,-7.692053599999999
Ireland,2013,487,4227378,117.41,IRL,51546.35476,53.1423672,-7.692053599999999
Ireland,2014,486,4328043,119.68,IRL,55643.05943,53.1423672,-7.692053599999999
Israel,2006,367,6334485,80.52,ISR,22494.64209,31.046051,34.851612
Israel,2007,326,6448814,73.67,ISR,25633.64322,31.046051,34.851612
Israel,2008,354,6565602,87.33,ISR,30173.36159,31.046051,34.851612
Israel,2009,404,6731835,80.32,ISR,28317.04084,31.046051,34.851612
Israel,2010,480,6849825,99.47,ISR,31266.60532,31.046051,34.851612
Israel,2011,409,6971495,87.41,ISR,34354.71612,31.046051,34.851612
Israel,2012,430,7095360,83.79,ISR,33156.22832,31.046051,34.851612
Israel,2013,372,7226008,74.21,ISR,36941.84236,31.046051,34.851612
Israel,2014,382,7366252,71.25999999999999,ISR,38259.6811,31.046051,34.851612
Israel,2015,342,7516180,65.91,ISR,36206.52222,31.046051,34.851612
Italy,2006,3700,56180672,81.61,ITA,33529.7266,41.87194,12.56738
Italy,2007,3757,56583578,81.96000000000001,ITA,37870.74751,41.87194,12.56738
Italy,2008,3904,57009825,81.69,ITA,40944.91242,41.87194,12.56738
Italy,2009,3974,57351830,81.92999999999999,ITA,37226.75719,41.87194,12.56738
Italy,2010,3989,57637843,80.77,ITA,36035.645,41.87194,12.56738
Italy,2011,4153,56610149,86.08,ITA,38649.63948,41.87194,12.56738
Italy,2012,4257,56795085,85.45,ITA,35051.52127,41.87194,12.56738
Italy,2013,4290,57503331,84.86,ITA,35560.08141,41.87194,12.56738
Italy,2014,4147,58100676,82.13,ITA,35565.72138,41.87194,12.56738
Italy,2015,3988,58117697,78.45,ITA,30242.38614,41.87194,12.56738
Jamaica,2006,0,2512597,0.0,JAM,4435.56861,18.109581,-77.297508
Jamaica,2009,36,2568883,21.13,JAM,4452.121812,18.109581,-77.297508
Jamaica,2010,3,2586652,1.16,JAM,4835.793638,18.109581,-77.297508
Jamaica,2011,50,2601037,27.86,JAM,5259.929487,18.109581,-77.297508
Japan,2006,29769,120702000,262.24,JPN,35991.546,36.204824,138.252924
Japan,2007,30665,120704000,268.76,JPN,35779.02454,36.204824,138.252924
Japan,2008,30073,120602000,265.32,JPN,39876.30397,36.204824,138.252924
Japan,2009,30523,120496000,266.69,JPN,41308.99684,36.204824,138.252924
Japan,2010,29411,121127267,255.48,JPN,44968.15623,36.204824,138.252924
Japan,2011,28766,120927000,252.41,JPN,48760.07895,36.204824,138.252924
Japan,2012,26338,120735000,233.7,JPN,49145.28043,36.204824,138.252924
Japan,2013,25991,120514000,231.16,JPN,40898.6479,36.204824,138.252924
Japan,2014,24357,120274000,218.21,JPN,38475.39525,36.204824,138.252924
Japan,2015,23092,120376310,206.04,JPN,34960.63938,36.204824,138.252924
Kazakhstan,2006,4076,14037676,374.73,KAZ,5291.575305,48.019573,66.923684
Kazakhstan,2007,4141,14125606,375.63,KAZ,6771.414797,48.019573,66.923684
Kazakhstan,2008,3997,14216053,366.94,KAZ,8458.017154,48.019573,66.923684
Kazakhstan,2009,3838,14370635,330.07,KAZ,7165.223175,48.019573,66.923684
Kazakhstan,2010,3609,14713167,320.81,KAZ,9070.488253,48.019573,66.923684
Kazakhstan,2011,3401,14853350,293.76,KAZ,11634.0012,48.019573,66.923684
Kazakhstan,2012,3240,15023549,271.02,KAZ,12386.69927,48.019573,66.923684
Kazakhstan,2013,3512,15215382,296.67,KAZ,13890.63096,48.019573,66.923684
Kazakhstan,2014,3119,15428844,257.09,KAZ,12807.26069,48.019573,66.923684
Kazakhstan,2015,2872,15646752,238.01999999999998,KAZ,10510.77189,48.019573,66.923684
Kuwait,2006,45,2165713,15.83,KWT,42967.1427,29.31166,47.481766
Kuwait,2007,51,3074918,13.02,KWT,45732.05204,29.31166,47.481766
Kuwait,2008,47,3369394,11.76,KWT,55601.27551,29.31166,47.481766
Kuwait,2009,61,3165654,14.81,KWT,37904.22953,29.31166,47.481766
Kuwait,2010,39,3281614,10.040000000000001,KWT,39213.53715,29.31166,47.481766
Kuwait,2011,41,3333698,11.41,KWT,49006.58145,29.31166,47.481766
Kuwait,2012,56,3496698,15.59,KWT,51277.66211,29.31166,47.481766
Kuwait,2013,41,3574090,9.879999999999999,KWT,47760.94413,29.31166,47.481766
Kuwait,2014,68,3715284,15.86,KWT,43234.82142,29.31166,47.481766
Latvia,2006,487,2115215,288.9,LVA,9723.446902,56.879635,24.603189
Latvia,2007,453,2093878,295.75,LVA,14113.52913,56.879635,24.603189
Latvia,2008,527,2067529,323.69,LVA,16467.14369,56.879635,24.603189
Latvia,2009,516,2030316,307.8,LVA,12331.92855,56.879635,24.603189
Latvia,2010,438,1987906,259.34000000000003,LVA,11420.994,56.879635,24.603189
Latvia,2011,440,1953611,288.75,LVA,13338.96224,56.879635,24.603189
Latvia,2012,444,1931521,267.68,LVA,13847.33794,56.879635,24.603189
Latvia,2013,383,1912464,242.19,LVA,15007.49186,56.879635,24.603189
Latvia,2014,382,1894041,248.81,LVA,15742.39134,56.879635,24.603189
Latvia,2015,387,1875522,251.47,LVA,13786.4568,56.879635,24.603189
Lithuania,2006,1049,3125767,400.57,LTU,9230.707981,55.169438,23.881275
Lithuania,2007,1025,3087867,406.79,LTU,12285.44705,55.169438,23.881275
Lithuania,2008,1111,3053756,430.05,LTU,14944.99665,55.169438,23.881275
Lithuania,2009,1138,3016497,437.07,LTU,11820.77616,55.169438,23.881275
Lithuania,2010,1018,2949737,395.24,LTU,11987.50841,55.169438,23.881275
Lithuania,2011,1018,2879805,407.69,LTU,14376.94786,55.169438,23.881275
Lithuania,2012,927,2837770,374.12,LTU,14367.70942,55.169438,23.881275
Lithuania,2013,1085,2806627,444.56,LTU,15729.65247,55.169438,23.881275
Lithuania,2014,930,2781577,401.27,LTU,16551.0182,55.169438,23.881275
Lithuania,2015,896,2753926,385.48,LTU,14263.96458,55.169438,23.881275
Lithuania,2016,822,2445296,361.72,LTU,15008.31324,55.169438,23.881275
Luxembourg,2006,65,444821,183.79,LUX,90788.80049,49.815273,6.129582999999999
Luxembourg,2007,78,452012,183.89000000000001,LUX,107475.3203,49.815273,6.129582999999999
Luxembourg,2008,43,460371,112.31,LUX,120422.1379,49.815273,6.129582999999999
Luxembourg,2009,48,469209,110.95,LUX,109419.747,49.815273,6.129582999999999
Luxembourg,2010,54,477979,141.16,LUX,110885.9914,49.815273,6.129582999999999
Luxembourg,2011,55,488918,136.53,LUX,119025.0572,49.815273,6.129582999999999
Luxembourg,2012,51,501044,140.18,LUX,112584.6763,49.815273,6.129582999999999
Luxembourg,2013,40,512689,91.48,LUX,120000.1407,49.815273,6.129582999999999
Luxembourg,2014,67,524940,147.88,LUX,123678.7021,49.815273,6.129582999999999
Luxembourg,2015,64,537748,134.4,LUX,105462.0126,49.815273,6.129582999999999
Maldives,2007,5,305536,14.36,MDV,5746.644258,3.202778,73.22068
Maldives,2008,0,313924,0.0,MDV,6743.130961,3.202778,73.22068
Maldives,2010,1,331559,1.99,MDV,7158.061411,3.202778,73.22068
Maldives,2011,2,341018,5.39,MDV,7409.335968,3.202778,73.22068
Malta,2006,26,386038,87.21000000000001,MLT,16723.87768,35.937496,14.375416
Malta,2007,26,387581,73.84,MLT,19485.95061,35.937496,14.375416
Malta,2008,14,390195,38.68,MLT,22205.28275,35.937496,14.375416
Malta,2009,36,393102,107.12,MLT,21083.12592,35.937496,14.375416
Malta,2010,31,394949,82.11,MLT,21799.16274,35.937496,14.375416
Malta,2011,20,396423,47.5,MLT,23155.56281,35.937496,14.375416
Malta,2012,25,399138,59.87,MLT,22527.75911,35.937496,14.375416
Malta,2013,22,402728,57.22,MLT,24770.93408,35.937496,14.375416
Malta,2014,32,406525,102.08,MLT,26754.26233,35.937496,14.375416
Malta,2015,34,410637,78.27,MLT,24921.579,35.937496,14.375416
Mauritius,2006,118,1125301,163.68,MUS,5695.969327,-20.348404,57.55215200000001
Mauritius,2007,127,1135233,141.45,MUS,6574.654338,-20.348404,57.55215200000001
Mauritius,2008,84,1146258,78.13,MUS,8030.063005,-20.348404,57.55215200000001
Mauritius,2009,115,1159551,106.07,MUS,7318.12641,-20.348404,57.55215200000001
Mauritius,2010,98,1164931,111.83,MUS,8000.376432,-20.348404,57.55215200000001
Mauritius,2011,118,1173352,120.04,MUS,9197.026972,-20.348404,57.55215200000001
Mauritius,2012,115,1180547,114.25,MUS,9291.227619,-20.348404,57.55215200000001
Mauritius,2013,98,1147390,97.67,MUS,9766.756465,-20.348404,57.55215200000001
Mauritius,2014,120,1151424,115.45,MUS,10368.61343,-20.348404,57.55215200000001
Mauritius,2015,104,1154848,99.97,MUS,9509.934655,-20.348404,57.55215200000001
Mauritius,2016,98,992432,99.3,MUS,9967.881736,-20.348404,57.55215200000001
Mexico,2006,4230,98468839,59.22,MEX,9125.422624,23.634501,-102.552784
Mexico,2007,4285,100294297,58.01,MEX,9719.920452,23.634501,-102.552784
Mexico,2008,4642,102170587,60.83,MEX,10119.83621,23.634501,-102.552784
Mexico,2009,5023,104044342,64.14,MEX,8104.907579,23.634501,-102.552784
Mexico,2010,4858,105875861,61.01,MEX,9399.970908,23.634501,-102.552784
Mexico,2011,5558,107655100,65.52,MEX,10341.52105,23.634501,-102.552784
Mexico,2012,5381,109368765,63.43,MEX,10376.05767,23.634501,-102.552784
Mexico,2013,5711,111036708,64.99,MEX,10865.6802,23.634501,-102.552784
Mexico,2014,6178,112692589,68.38,MEX,11076.09245,23.634501,-102.552784
Mexico,2015,6234,114357884,66.57,MEX,9753.380048,23.634501,-102.552784
Mongolia,2016,423,2167589,184.39,MNG,3690.756716,46.862496,103.846656
Montenegro,2006,0,584885,0.0,MNE,4425.678873,42.708678,19.37439
Montenegro,2007,121,587244,335.53,MNE,5976.394145,42.708678,19.37439
Montenegro,2008,126,589953,308.09000000000003,MNE,7367.751909,42.708678,19.37439
Montenegro,2009,107,592234,275.93,MNE,6727.107767,42.708678,19.37439
Netherlands,2006,1525,15368697,113.19,NLD,44900.93814,52.132633,5.291265999999999
Netherlands,2007,1354,15425404,97.44,NLD,51799.20855,52.132633,5.291265999999999
Netherlands,2008,1439,15506963,102.09,NLD,57879.94376,52.132633,5.291265999999999
Netherlands,2009,1530,15602176,108.3,NLD,52722.21306,52.132633,5.291265999999999
Netherlands,2010,1604,15691409,109.49000000000001,NLD,50999.74512,52.132633,5.291265999999999
Netherlands,2011,1650,15772162,113.08,NLD,54230.3129,52.132633,5.291265999999999
Netherlands,2012,1756,15839503,118.51,NLD,50070.1416,52.132633,5.291265999999999
Netherlands,2013,1856,15899508,125.53,NLD,52198.89756,52.132633,5.291265999999999
Netherlands,2014,1839,15899508,121.42,NLD,52900.53742,52.132633,5.291265999999999
Netherlands,2015,1873,16057342,126.93,NLD,45193.40322,52.132633,5.291265999999999
Netherlands,2016,1886,14239554,127.39,NLD,46039.10593,52.132633,5.291265999999999
New Zealand,2006,527,3898600,156.74,NZL,26654.5932,-40.900557,174.885971
New Zealand,2007,494,3935450,148.19,NZL,32479.98174,-40.900557,174.885971
New Zealand,2008,520,3968450,151.78,NZL,31252.96256,-40.900557,174.885971
New Zealand,2009,512,4009980,153.0,NZL,28209.36233,-40.900557,174.885971
New Zealand,2010,536,4055470,152.62,NZL,33676.77412,-40.900557,174.885971
New Zealand,2011,493,4090460,142.82,NZL,38387.62708,-40.900557,174.885971
New Zealand,2012,549,4120870,158.03,NZL,39973.38076,-40.900557,174.885971
New Zealand,2013,513,4129770,144.55,NZL,42976.64959,-40.900557,174.885971
Nicaragua,2010,351,5107427,88.74,NIC,1495.737186,12.865416,-85.207229
Nicaragua,2011,369,5177921,89.55,NIC,1644.799354,12.865416,-85.207229
Nicaragua,2012,316,5251443,72.29,NIC,1746.425626,12.865416,-85.207229
Nicaragua,2013,351,5326935,80.97,NIC,1794.786575,12.865416,-85.207229
Nicaragua,2014,311,5402424,71.4,NIC,1913.521348,12.865416,-85.207229
Nicaragua,2015,315,5476483,69.87,NIC,2025.324776,12.865416,-85.207229
Norway,2006,532,4372103,142.67,NOR,74148.32008,60.47202399999999,8.468945999999999
Norway,2007,485,4417369,127.77,NOR,85139.96045,60.47202399999999,8.468945999999999
Norway,2008,505,4472089,132.03,NOR,96944.09561,60.47202399999999,8.468945999999999
Norway,2009,573,4527536,145.74,NOR,79977.69708,60.47202399999999,8.468945999999999
Norway,2010,548,4582885,136.43,NOR,87693.79007,60.47202399999999,8.468945999999999
Norway,2011,598,4643300,146.49,NOR,100600.5624,60.47202399999999,8.468945999999999
Norway,2012,515,4706585,126.0,NOR,101524.1419,60.47202399999999,8.468945999999999
Norway,2013,554,4767605,127.01,NOR,102913.4508,60.47202399999999,8.468945999999999
Norway,2014,548,4827178,127.22999999999999,NOR,97019.18275,60.47202399999999,8.468945999999999
Norway,2015,590,4882909,136.43,NOR,74355.51586,60.47202399999999,8.468945999999999
Oman,2009,13,2607549,21.19,OMN,17937.97957,21.4735329,55.975413
Oman,2010,13,2748440,3.8000000000000003,OMN,22552.19901,21.4735329,55.975413
Oman,2014,7,3631098,1.51,OMN,23121.20638,21.4735329,55.975413
Panama,2006,185,3037959,91.63,PAN,5385.564243,8.537981,-80.782127
Panama,2007,171,3097138,71.9,PAN,6205.821576,8.537981,-80.782127
Panama,2008,186,3155636,73.3,PAN,7197.110786,8.537981,-80.782127
Panama,2009,177,3214513,68.29,PAN,7618.438459,8.537981,-80.782127
Panama,2010,151,3274415,64.0,PAN,8124.558307,8.537981,-80.782127
Panama,2011,144,3334191,62.730000000000004,PAN,9403.439908,8.537981,-80.782127
Panama,2012,135,3395244,55.52,PAN,10767.29318,8.537981,-80.782127
Panama,2013,130,3457387,49.31,PAN,11932.28622,8.537981,-80.782127
Panama,2014,147,3520213,55.980000000000004,PAN,12837.24796,8.537981,-80.782127
Panama,2015,110,3583382,44.9,PAN,13669.55944,8.537981,-80.782127
Paraguay,2006,251,5223460,65.57000000000001,PRY,2426.417098,-23.442503,-58.443832
Paraguay,2007,227,5307169,62.51,PRY,3194.262982,-23.442503,-58.443832
Paraguay,2008,222,5382169,58.32,PRY,4360.429109,-23.442503,-58.443832
Paraguay,2009,283,5456220,67.33,PRY,3920.186071,-23.442503,-58.443832
Paraguay,2010,223,5534703,54.56,PRY,4725.726341,-23.442503,-58.443832
Paraguay,2011,298,5610499,67.83,PRY,5776.281848,-23.442503,-58.443832
Paraguay,2012,275,5695283,63.3,PRY,5617.104918,-23.442503,-58.443832
Paraguay,2013,323,5786207,75.39,PRY,6410.814703,-23.442503,-58.443832
Paraguay,2014,379,5877594,72.15,PRY,6629.416993,-23.442503,-58.443832
Philippines,2006,1788,76435755,36.66,PHL,1452.220641,12.879721,121.774017
Philippines,2007,1698,78008654,29.169999999999998,PHL,1741.603172,12.879721,121.774017
Philippines,2008,1820,79595888,33.05,PHL,1990.35559,12.879721,121.774017
Philippines,2009,2074,81193855,34.89,PHL,1893.281164,12.879721,121.774017
Philippines,2010,2116,82760992,36.96,PHL,2201.775071,12.879721,121.774017
Philippines,2011,2449,84201767,44.910000000000004,PHL,2431.202037,12.879721,121.774017
Poland,2006,5805,36348232,182.85,POL,9035.410467,51.919438,19.145136
Poland,2007,5284,36310843,166.47,POL,11254.51739,51.919438,19.145136
Poland,2008,5682,36262711,177.38,POL,13996.02515,51.919438,19.145136
Poland,2009,6477,36223402,197.1,POL,11526.05589,51.919438,19.145136
Poland,2010,6357,36027791,190.64,POL,12504.25019,51.919438,19.145136
Poland,2011,6113,36008237,183.86,POL,13776.61155,51.919438,19.145136
Poland,2012,6368,36013446,192.37,POL,13010.92339,51.919438,19.145136
Poland,2013,6218,36023694,187.59,POL,13558.41406,51.919438,19.145136
Poland,2014,5934,36059630,178.3,POL,14182.1375,51.919438,19.145136
Poland,2015,5420,36086575,166.99,POL,12560.05142,51.919438,19.145136
Portugal,2007,1020,10005713,143.55,PRT,22811.05648,39.39987199999999,-8.224454
Portugal,2008,1038,10030640,141.02,PRT,24949.04136,39.39987199999999,-8.224454
Portugal,2009,1025,10049918,139.7,PRT,23151.21541,39.39987199999999,-8.224454
Portugal,2010,1099,10066628,148.84,PRT,22520.64231,39.39987199999999,-8.224454
Portugal,2011,1017,10062815,127.86,PRT,23217.2955,39.39987199999999,-8.224454
Portugal,2012,1076,10029396,139.4,PRT,20563.7136,39.39987199999999,-8.224454
Portugal,2013,1052,9985074,132.73,PRT,21653.19598,39.39987199999999,-8.224454
Portugal,2014,1222,9944433,153.89000000000001,PRT,22103.70097,39.39987199999999,-8.224454
Puerto Rico,2006,265,3499036,95.3,PRI,22935.94116,18.220833,-66.590149
Puerto Rico,2007,271,3493631,93.08,PRI,23664.88235,18.220833,-66.590149
Puerto Rico,2008,300,3488811,107.08,PRI,24898.33459,18.220833,-66.590149
Puerto Rico,2009,330,3484474,124.89999999999999,PRI,25768.72589,18.220833,-66.590149
Puerto Rico,2010,286,3480379,103.84,PRI,26435.74879,18.220833,-66.590149
Puerto Rico,2011,258,3475298,90.55,PRI,27278.88305,18.220833,-66.590149
Puerto Rico,2012,248,3472672,87.10000000000001,PRI,27944.73389,18.220833,-66.590149
Puerto Rico,2013,241,3471665,90.59,PRI,28513.16574,18.220833,-66.590149
Puerto Rico,2014,220,3470956,77.09,PRI,28981.45733,18.220833,-66.590149
Puerto Rico,2015,226,3469521,85.58,PRI,29763.4883,18.220833,-66.590149
Qatar,2006,29,940090,87.30000000000001,QAT,59978.86121,25.354826,51.183884
Qatar,2007,41,1115479,28.61,QAT,64706.9899,25.354826,51.183884
Qatar,2008,33,1310465,13.55,QAT,79811.59774,25.354826,51.183884
Qatar,2009,44,1506649,19.900000000000002,QAT,60733.9817,25.354826,51.183884
Qatar,2010,47,1689592,12.83,QAT,73021.30975,25.354826,51.183884
Qatar,2011,50,1854081,18.85,QAT,92992.99713,25.354826,51.183884
Qatar,2012,43,2003149,13.27,QAT,98041.36224,25.354826,51.183884
Qatar,2013,37,2135349,8.23,QAT,97630.82552,25.354826,51.183884
Qatar,2014,55,2251682,18.99,QAT,93126.14946,25.354826,51.183884
Qatar,2015,66,2354147,18.84,QAT,66984.9102,25.354826,51.183884
Qatar,2016,68,2213121,16.43,QAT,58467.23557,25.354826,51.183884
Romania,2006,2721,20526561,149.09,ROU,5757.496429,45.943161,24.96676
Romania,2007,2430,20475026,136.06,ROU,8360.166321,45.943161,24.96676
Romania,2008,2472,20433803,140.4,ROU,10435.04398,45.943161,24.96676
Romania,2009,2586,20390882,144.02,ROU,8548.118672,45.943161,24.96676
Romania,2010,2766,20348649,150.04,ROU,8397.809173,45.943161,24.96676
Romania,2011,2536,20291701,138.78,ROU,9560.184513,45.943161,24.96676
Romania,2012,2495,19041594,142.03,ROU,8930.729912,45.943161,24.96676
Romania,2013,2407,19003345,137.99,ROU,9497.25499,45.943161,24.96676
Romania,2014,2209,18952235,131.03,ROU,10031.26727,45.943161,24.96676
Romania,2015,2228,18863927,133.54999999999998,ROU,8976.880535,45.943161,24.96676
Romania,2016,1953,16644905,116.33,ROU,9404.341874,45.943161,24.96676
Serbia,2006,1443,7031811,286.07,SRB,4382.617279,44.016521,21.005859
Serbia,2007,1353,7009610,258.45,SRB,5848.476405,44.016521,21.005859
Serbia,2008,1289,6988532,242.61,SRB,7101.040141,44.016521,21.005859
Serbia,2009,1373,6968240,258.43,SRB,6169.114195,44.016521,21.005859
Serbia,2010,1207,6944871,234.48,SRB,5735.422857,44.016521,21.005859
Serbia,2011,1256,6900027,243.45,SRB,6809.159804,44.016521,21.005859
Serbia,2012,1243,6867174,234.53,SRB,6015.945228,44.016521,21.005859
Serbia,2013,1197,6832840,217.73,SRB,6755.073675,44.016521,21.005859
Serbia,2014,1134,6801810,216.78,SRB,6600.056809,44.016521,21.005859
Serbia,2015,1062,6766406,205.97,SRB,5588.980728,44.016521,21.005859
Seychelles,2006,8,81691,275.75,SYC,12014.39987,-4.679574,55.491977
Seychelles,2007,6,82331,147.64000000000001,SYC,12154.82994,-4.679574,55.491977
Seychelles,2008,4,82900,39.07,SYC,11122.86207,-4.679574,55.491977
Seychelles,2009,4,83429,43.81,SYC,9706.95606,-4.679574,55.491977
Seychelles,2010,6,83885,51.989999999999995,SYC,10804.68447,-4.679574,55.491977
Seychelles,2011,5,80717,51.339999999999996,SYC,12189.09516,-4.679574,55.491977
Seychelles,2012,3,81224,33.5,SYC,11998.4472,-4.679574,55.491977
Seychelles,2013,9,82541,131.4,SYC,14764.93927,-4.679574,55.491977
Seychelles,2014,4,83845,43.33,SYC,15188.22876,-4.679574,55.491977
Seychelles,2015,7,85949,81.25,SYC,15157.53029,-4.679574,55.491977
Singapore,2006,372,3411900,148.75,SGP,33769.15416,1.352083,103.819836
Singapore,2007,328,3389600,165.76,SGP,39432.93835,1.352083,103.819836
Singapore,2008,319,3448900,150.25,SGP,40007.46926,1.352083,103.819836
Singapore,2009,349,3536100,149.58,SGP,38927.20688,1.352083,103.819836
Singapore,2010,296,3576800,129.23,SGP,47236.96023,1.352083,103.819836
Singapore,2011,308,3600900,116.96000000000001,SGP,53890.42873,1.352083,103.819836
Singapore,2012,392,3631600,141.62,SGP,55546.48854,1.352083,103.819836
Singapore,2013,357,3661456,137.87,SGP,56967.42579,1.352083,103.819836
Singapore,2014,355,3689370,131.78,SGP,57562.53079,1.352083,103.819836
Singapore,2015,329,3719115,109.28999999999999,SGP,55646.61875,1.352083,103.819836
Slovenia,2006,529,1918570,347.87,SVN,19672.96556,46.151241,14.995463
Slovenia,2007,434,1927332,291.45,SVN,23817.88673,46.151241,14.995463
Slovenia,2008,408,1943758,263.09,SVN,27595.59997,46.151241,14.995463
Slovenia,2009,447,1942037,268.71,SVN,24792.12798,46.151241,14.995463
Slovenia,2010,414,1944774,265.59000000000003,SVN,23532.48085,46.151241,14.995463
Slovenia,2011,435,1944561,281.66,SVN,25128.01504,46.151241,14.995463
Slovenia,2012,440,1945988,279.74,SVN,22641.80512,46.151241,14.995463
Slovenia,2013,446,1948276,283.02,SVN,23503.28249,46.151241,14.995463
Slovenia,2014,388,1951786,240.37,SVN,24247.17332,46.151241,14.995463
Slovenia,2015,422,1954632,264.81,SVN,20890.16643,46.151241,14.995463
South Africa,2006,514,44079057,17.92,ZAF,6139.626045,-30.559482,22.937506
South Africa,2007,417,44577435,12.12,ZAF,6662.02969,-30.559482,22.937506
South Africa,2008,441,43680586,14.14,ZAF,6251.894833,-30.559482,22.937506
South Africa,2009,372,45607048,10.71,ZAF,6444.167068,-30.559482,22.937506
South Africa,2010,393,46176200,13.09,ZAF,8059.587017,-30.559482,22.937506
South Africa,2011,358,46806739,9.31,ZAF,8737.079774,-30.559482,22.937506
South Africa,2012,487,47484256,13.56,ZAF,8173.869138,-30.559482,22.937506
South Africa,2013,587,48192699,14.9,ZAF,7441.230854,-30.559482,22.937506
South Africa,2014,580,48912129,15.08,ZAF,6965.137897,-30.559482,22.937506
South Africa,2015,482,49627460,13.0,ZAF,6204.929901,-30.559482,22.937506
Spain,2006,3247,41808848,99.86999999999999,ESP,28389.07858,40.46366700000001,-3.74922
Spain,2007,3264,42547327,98.95,ESP,32591.35031,40.46366700000001,-3.74922
Spain,2008,3457,43199484,98.52,ESP,35510.72223,40.46366700000001,-3.74922
Spain,2009,3429,43490086,98.02,ESP,32169.50285,40.46366700000001,-3.74922
Spain,2010,3158,43595356,87.44,ESP,30532.48051,40.46366700000001,-3.74922
Spain,2011,3180,43642571,88.59,ESP,31677.90031,40.46366700000001,-3.74922
Spain,2012,3539,44318859,96.88,ESP,28322.94659,40.46366700000001,-3.74922
Spain,2013,3873,44227625,101.32,ESP,29077.18206,40.46366700000001,-3.74922
Spain,2014,3911,44172771,104.35000000000001,ESP,29513.65118,40.46366700000001,-3.74922
Spain,2015,3604,44186528,97.38000000000001,ESP,25754.36103,40.46366700000001,-3.74922
Sri Lanka,2006,4015,17891558,328.73,LKA,1435.816813,7.873053999999999,80.77179699999999
Suriname,2006,112,453293,298.26,SUR,5031.158465,3.919305,-56.027783
Suriname,2007,119,459086,356.14,SUR,5562.334068,3.919305,-56.027783
Suriname,2008,147,464789,416.82,SUR,6616.815126,3.919305,-56.027783
Suriname,2009,131,470448,369.71,SUR,7176.857658,3.919305,-56.027783
Suriname,2010,136,476052,425.3,SUR,7999.556929,3.919305,-56.027783
Suriname,2011,127,481521,353.31,SUR,8009.252302,3.919305,-56.027783
Suriname,2012,133,486964,454.11,SUR,8922.956186,3.919305,-56.027783
Suriname,2013,131,492359,286.8,SUR,9124.541093,3.919305,-56.027783
Suriname,2014,128,497701,357.34000000000003,SUR,9199.177893,3.919305,-56.027783
Sweden,2006,1197,8576044,160.76,SWE,46593.60216,60.12816100000001,18.643501
Sweden,2007,1126,8629159,147.39,SWE,53700.00534,60.12816100000001,18.643501
Sweden,2008,1170,8688504,155.68,SWE,56152.55234,60.12816100000001,18.643501
Sweden,2009,1242,8755922,160.4,SWE,46946.96027,60.12816100000001,18.643501
Sweden,2010,1141,8823125,146.54,SWE,52869.04429,60.12816100000001,18.643501
Sweden,2011,1112,8884644,141.77,SWE,60755.75955,60.12816100000001,18.643501
Sweden,2012,1154,8948909,148.10999999999999,SWE,58037.82132,60.12816100000001,18.643501
Sweden,2013,1230,9024081,158.20000000000002,SWE,61126.9432,60.12816100000001,18.643501
Sweden,2014,1148,9114524,149.05,SWE,60020.36046,60.12816100000001,18.643501
Sweden,2015,1182,9114524,149.3,SWE,51545.48361,60.12816100000001,18.643501
Sweden,2016,1130,8125852,138.84,SWE,51965.15715,60.12816100000001,18.643501
Switzerland,2006,1309,7118477,241.63,CHE,59011.03246,46.818188,8.227511999999999
Switzerland,2007,1360,7183595,255.81,CHE,64989.15533,46.818188,8.227511999999999
Switzerland,2008,1314,7274875,237.51,CHE,74175.19279,46.818188,8.227511999999999
Switzerland,2009,1105,7364558,180.13,CHE,71568.31239,46.818188,8.227511999999999
Switzerland,2010,1006,7439147,160.52,CHE,76531.37294,46.818188,8.227511999999999
Switzerland,2011,1034,7518040,168.22,CHE,90476.75897,46.818188,8.227511999999999
Switzerland,2012,1038,7595591,165.39,CHE,85836.20768,46.818188,8.227511999999999
Switzerland,2013,1071,7681318,170.26,CHE,87304.33058,46.818188,8.227511999999999
Switzerland,2014,1032,7809621,162.1,CHE,88724.99094,46.818188,8.227511999999999
Switzerland,2015,1073,7892502,164.66,CHE,83806.4476,46.818188,8.227511999999999
Thailand,2006,3608,61636512,69.04,THA,3343.784451,15.870032,100.992541
Thailand,2007,3754,58941621,79.14,THA,3934.688743,15.870032,100.992541
Thailand,2008,3778,59216773,78.18,THA,4327.7976,15.870032,100.992541
Thailand,2009,3787,59483718,78.56,THA,4154.184297,15.870032,100.992541
Thailand,2010,3761,59769764,80.5,THA,4996.372886,15.870032,100.992541
Thailand,2011,3873,60261832,77.59,THA,5396.649426,15.870032,100.992541
Thailand,2012,3985,60382255,80.69,THA,5748.631241,15.870032,100.992541
Thailand,2013,3961,60766487,79.56,THA,6041.12746,15.870032,100.992541
Thailand,2014,3952,61139919,76.96000000000001,THA,5822.383699,15.870032,100.992541
Thailand,2015,4205,61261276,81.15,THA,5708.796925,15.870032,100.992541
Thailand,2016,4117,53442001,77.32,THA,5854.461088,15.870032,100.992541
Turkmenistan,2006,506,4287650,143.84,TKM,2074.407389,38.969719,59.556278
Turkmenistan,2007,354,4342657,96.69,TKM,2520.285026,38.969719,59.556278
Turkmenistan,2008,484,4412135,117.58,TKM,3778.668539,38.969719,59.556278
Turkmenistan,2009,165,4484467,42.54,TKM,3901.670283,38.969719,59.556278
Turkmenistan,2010,178,4551185,45.75,TKM,4286.880505,38.969719,59.556278
Turkmenistan,2011,130,4626095,31.63,TKM,5453.155005,38.969719,59.556278
Turkmenistan,2012,138,4690058,30.599999999999998,TKM,6441.886618,38.969719,59.556278
Turkmenistan,2013,101,4748055,23.29,TKM,7049.797505,38.969719,59.556278
Turkmenistan,2014,136,4811227,28.15,TKM,7685.509859,38.969719,59.556278
Turkmenistan,2015,133,4886514,28.48,TKM,6208.296655,38.969719,59.556278
Ukraine,2006,10013,44560034,282.78999999999996,UKR,2391.323975,48.379433,31.1655799
Ukraine,2007,10032,44198672,281.12,UKR,3197.934326,48.379433,31.1655799
Ukraine,2008,9454,43856123,274.5,UKR,4066.547852,48.379433,31.1655799
Ukraine,2009,9715,43557944,279.26,UKR,2639.391602,48.379433,31.1655799
Ukraine,2010,9089,43296809,263.07,UKR,3078.429932,48.379433,31.1655799
Ukraine,2011,8973,43074791,264.0,UKR,3704.824951,48.379433,31.1655799
Ukraine,2012,9058,42915935,268.47,UKR,4004.804443,48.379433,31.1655799
Ukraine,2014,7968,40464165,250.5,UKR,3104.643311,48.379433,31.1655799
Ukraine,2015,7574,40345446,244.72,UKR,2124.662354,48.379433,31.1655799
United Arab Emirates,2006,90,4923879,16.55,ARE,45339.58512,23.424076,53.847818
United Arab Emirates,2007,101,5695389,15.99,ARE,43918.38017,23.424076,53.847818
United Arab Emirates,2008,100,6510358,11.86,ARE,45140.76908,23.424076,53.847818
United Arab Emirates,2009,124,7252480,11.73,ARE,31722.58876,23.424076,53.847818
United Arab Emirates,2010,111,7839736,22.71,ARE,34165.91331,23.424076,53.847818
Uruguay,2006,528,3077445,248.11,URY,5893.37629,-32.522779,-55.765835
Uruguay,2007,576,3087957,266.31,URY,7033.051117,-32.522779,-55.765835
Uruguay,2008,523,3100791,234.53,URY,9102.238081,-32.522779,-55.765835
Uruguay,2009,511,3114306,237.75,URY,9467.534193,-32.522779,-55.765835
Uruguay,2010,547,3127306,257.43,URY,12015.70985,-32.522779,-55.765835
Uruguay,2012,599,3151939,264.35,URY,15206.87262,-32.522779,-55.765835
Uruguay,2013,546,3164670,249.09,URY,17015.13476,-32.522779,-55.765835
Uruguay,2014,591,3177645,248.64,URY,16875.50619,-32.522779,-55.765835
Uruguay,2015,630,3190795,270.02,URY,15655.937,-32.522779,-55.765835
Uzbekistan,2009,1399,25288102,60.86,UZB,1213.265328,41.377491,64.585262
Uzbekistan,2010,1464,25651783,63.230000000000004,UZB,1742.349256,41.377491,64.585262
Uzbekistan,2011,1640,25978049,67.14,UZB,2051.129515,41.377491,64.585262
Uzbekistan,2012,1835,26381830,77.53,UZB,2267.623275,41.377491,64.585262
Uzbekistan,2013,1950,26838924,78.86,UZB,2419.718703,41.377491,64.585262
Uzbekistan,2014,2095,27313507,85.12,UZB,2628.460008,41.377491,64.585262
